104.27.182.246;nan;nan;nan;nan;noc@cloudflare.com,rir@cloudflare.com,abuse@cloudflare.com;nan;20180226
104.27.183.246;nan;nan;nan;nan;abuse@cloudflare.com,noc@cloudflare.com,rir@cloudflare.com;nan;20180226
173.245.58.138;nan;nan;nan;nan;rir@cloudflare.com,noc@cloudflare.com,abuse@cloudflare.com;nan;20180226
173.245.59.105;nan;nan;nan;nan;rir@cloudflare.com,noc@cloudflare.com,abuse@cloudflare.com;nan;20180226
104.24.96.147;nan;nan;nan;nan;rir@cloudflare.com,abuse@cloudflare.com,noc@cloudflare.com;nan;20180226
104.24.97.147;nan;nan;nan;nan;abuse@cloudflare.com,noc@cloudflare.com,rir@cloudflare.com;nan;20180226
173.245.58.86;nan;nan;nan;nan;abuse@cloudflare.com,noc@cloudflare.com,rir@cloudflare.com;nan;20180226
173.245.59.226;nan;nan;nan;nan;noc@cloudflare.com,rir@cloudflare.com,abuse@cloudflare.com;nan;20180226
104.25.81.114;nan;nan;nan;nan;noc@cloudflare.com,abuse@cloudflare.com,rir@cloudflare.com;nan;20180226
104.25.82.25;nan;nan;nan;nan;noc@cloudflare.com,abuse@cloudflare.com,rir@cloudflare.com;nan;20180226
104.28.26.6;nan;nan;nan;nan;abuse@cloudflare.com,rir@cloudflare.com,noc@cloudflare.com;nan;20180226
104.31.182.7;nan;nan;nan;nan;rir@cloudflare.com,abuse@cloudflare.com,noc@cloudflare.com;nan;20180226
108.162.192.129;nan;nan;nan;nan;noc@cloudflare.com,abuse@cloudflare.com,rir@cloudflare.com;nan;20180226
108.162.207.246;nan;nan;nan;nan;abuse@cloudflare.com,rir@cloudflare.com,noc@cloudflare.com;nan;20180226
198.41.130.95;nan;nan;nan;nan;rir@cloudflare.com,abuse@cloudflare.com,noc@cloudflare.com;nan;20180226
104.25.224.34;nan;nan;nan;nan;rir@cloudflare.com,noc@cloudflare.com,abuse@cloudflare.com;nan;20180226
104.25.225.34;nan;nan;nan;nan;rir@cloudflare.com,noc@cloudflare.com,abuse@cloudflare.com;nan;20180226
165.254.168.50;nan;nan;nan;nan;abuse@ntt.net,vipar@us.ntt.net,support@us.ntt.net;nan;20180226
173.245.58.192;nan;nan;nan;nan;rir@cloudflare.com,noc@cloudflare.com,abuse@cloudflare.com;nan;20180226
173.245.59.118;nan;nan;nan;nan;abuse@cloudflare.com,rir@cloudflare.com,noc@cloudflare.com;nan;20180226
74.201.154.201;nan;nan;nan;nan;noc@internap.com,abuse@internap.com;nan;20180226
37.59.90.60;2018-02-19 21:19:25;nan;2018-02-19 21:19:25;nan;abuse@ovh.net;nan;20180226
51.254.119.204;2015-05-26 08:55:56;nan;2015-05-27 15:52:47;nan;abuse@ovh.net;nan;20180226
104.28.3.118;nan;nan;nan;nan;abuse@cloudflare.com,rir@cloudflare.com,noc@cloudflare.com;nan;20180226
127.69.91.210;nan;nan;nan;nan;nan;nan;20180226
104.28.2.118;nan;nan;nan;nan;noc@cloudflare.com,abuse@cloudflare.com,rir@cloudflare.com;nan;20180226
173.245.58.140;nan;nan;nan;nan;rir@cloudflare.com,noc@cloudflare.com,abuse@cloudflare.com;nan;20180226
173.245.59.128;nan;nan;nan;nan;rir@cloudflare.com,abuse@cloudflare.com,noc@cloudflare.com;nan;20180226
104.24.100.82;nan;nan;nan;nan;rir@cloudflare.com,abuse@cloudflare.com,noc@cloudflare.com;nan;20180226
104.24.101.82;nan;nan;nan;nan;noc@cloudflare.com,abuse@cloudflare.com,rir@cloudflare.com;nan;20180226
217.146.91.36;2004-04-21 08:43:29;nan;2016-09-06 16:16:10;nan;ripe@bandwidth.co.uk;nan;20180226
46.166.188.69;2016-08-03 17:05:27;nan;2016-08-03 17:05:27;nan;abuse@nforce.com;nan;20180226
173.245.58.233;nan;nan;nan;nan;rir@cloudflare.com,abuse@cloudflare.com,noc@cloudflare.com;nan;20180226
173.245.59.186;nan;nan;nan;nan;rir@cloudflare.com,abuse@cloudflare.com,noc@cloudflare.com;nan;20180226
104.28.26.164;nan;nan;nan;nan;abuse@cloudflare.com,rir@cloudflare.com,noc@cloudflare.com;nan;20180226
104.28.27.164;nan;nan;nan;nan;noc@cloudflare.com,abuse@cloudflare.com,rir@cloudflare.com;nan;20180226
104.25.72.31;nan;nan;nan;nan;noc@cloudflare.com,abuse@cloudflare.com,rir@cloudflare.com;nan;20180226
185.61.137.60;2015-12-16 17:29:04;nan;2016-03-07 15:00:29;nan;abuse@blazingfast.io;nan;20180226
173.245.58.81;nan;nan;nan;nan;abuse@cloudflare.com,noc@cloudflare.com,rir@cloudflare.com;nan;20180226
173.245.59.209;nan;nan;nan;nan;rir@cloudflare.com,noc@cloudflare.com,abuse@cloudflare.com;nan;20180226
185.62.188.4;2015-01-14 22:18:56;nan;2015-03-19 09:45:43;nan;abuse@blazingfast.io;nan;20180226
208.109.255.48;nan;nan;nan;nan;abuse@godaddy.com,noc@godaddy.com;nan;20180226
216.69.185.48;nan;nan;nan;nan;abuse@godaddy.com,noc@godaddy.com;nan;20180226
50.63.202.41;nan;nan;nan;nan;abuse@godaddy.com,noc@godaddy.com;nan;20180226
68.178.213.203;nan;nan;nan;nan;abuse@godaddy.com,noc@godaddy.com;nan;20180226
68.178.213.243;nan;nan;nan;nan;abuse@godaddy.com,noc@godaddy.com;nan;20180226
68.178.213.244;nan;nan;nan;nan;abuse@godaddy.com,noc@godaddy.com;nan;20180226
68.178.213.37;nan;nan;nan;nan;abuse@godaddy.com,noc@godaddy.com;nan;20180226
72.167.238.29;nan;nan;nan;nan;abuse@godaddy.com,noc@godaddy.com;nan;20180226
72.167.238.32;nan;nan;nan;nan;abuse@godaddy.com,noc@godaddy.com;nan;20180226
104.24.110.199;nan;nan;nan;nan;nan;nan;20180226
162.222.171.206;nan;nan;nan;nan;noc@wavebroadband.com,arin@wavebroadband.com;nan;20180226
104.25.23.106;nan;nan;nan;nan;noc@cloudflare.com,abuse@cloudflare.com,rir@cloudflare.com;nan;20180226
108.162.203.170;nan;nan;nan;nan;rir@cloudflare.com,noc@cloudflare.com,abuse@cloudflare.com;nan;20180226
104.24.111.199;nan;nan;nan;nan;abuse@cloudflare.com,rir@cloudflare.com,noc@cloudflare.com;nan;20180226
173.245.58.172;nan;nan;nan;nan;rir@cloudflare.com,noc@cloudflare.com,abuse@cloudflare.com;nan;20180226
173.245.59.142;nan;nan;nan;nan;noc@cloudflare.com,abuse@cloudflare.com,rir@cloudflare.com;nan;20180226
185.70.40.18;2014-09-16 08:07:21;nan;2014-10-07 08:32:53;nan;abuse@protonmail.ch;nan;20180226
185.70.40.22;2014-09-16 08:07:21;nan;2014-10-07 08:32:53;nan;abuse@protonmail.ch;nan;20180226
185.70.40.27;2014-09-16 08:07:21;nan;2014-10-07 08:32:53;nan;abuse@protonmail.ch;nan;20180226
104.28.28.34;nan;nan;nan;nan;noc@cloudflare.com,abuse@cloudflare.com,rir@cloudflare.com;nan;20180226
104.28.29.34;nan;nan;nan;nan;abuse@cloudflare.com,noc@cloudflare.com,rir@cloudflare.com;nan;20180226
173.245.58.134;nan;nan;nan;nan;abuse@cloudflare.com,noc@cloudflare.com,rir@cloudflare.com;nan;20180226
173.245.59.104;nan;nan;nan;nan;abuse@cloudflare.com,rir@cloudflare.com,noc@cloudflare.com;nan;20180226
192.124.249.4;nan;nan;nan;nan;noc@sucuri.net,soc@sucuri.net;nan;20180226
104.18.34.67;nan;nan;nan;nan;rir@cloudflare.com,abuse@cloudflare.com,noc@cloudflare.com;nan;20180226
104.24.110.174;nan;nan;nan;nan;rir@cloudflare.com,noc@cloudflare.com,abuse@cloudflare.com;nan;20180226
162.255.119.248;nan;nan;nan;nan;abuse@namecheap.com,abuse@namecheaphosting.com,igor.e@namecheap.com,tech@namecheaphosting.com;nan;20180226
192.161.0.13;nan;nan;nan;nan;soc@sucuri.net;nan;20180226
192.161.0.17;nan;nan;nan;nan;soc@sucuri.net;nan;20180226
192.161.0.18;nan;nan;nan;nan;soc@sucuri.net;nan;20180226
192.161.0.19;nan;nan;nan;nan;soc@sucuri.net;nan;20180226
192.124.249.2;nan;nan;nan;nan;noc@sucuri.net,soc@sucuri.net;nan;20180226
192.161.0.12;nan;nan;nan;nan;soc@sucuri.net;nan;20180226
192.161.0.14;nan;nan;nan;nan;soc@sucuri.net;nan;20180226
192.161.0.16;nan;nan;nan;nan;soc@sucuri.net;nan;20180226
104.18.56.17;nan;nan;nan;nan;noc@cloudflare.com,abuse@cloudflare.com,rir@cloudflare.com;nan;20180226
104.18.57.17;nan;nan;nan;nan;rir@cloudflare.com,noc@cloudflare.com,abuse@cloudflare.com;nan;20180226
149.126.72.173;nan;nan;nan;nan;abuse@ripe.net,hostmaster@ripe.net;nan;20180226
185.30.165.39;nan;nan;nan;nan;nan;nan;20180226
190.93.254.149;nan;nan;nan;nan;nan;nan;20180226
198.12.15.150;nan;nan;nan;nan;nan;nan;20180226
5.199.170.190;2012-11-20 11:47:27;nan;2012-11-20 11:47:27;nan;abuse@cherryservers.com;nan;20180226
94.102.51.123;2008-10-10 12:13:02;nan;2016-01-23 22:33:14;nan;abuse@quasinetworks.com,gov.request@quasinetworks.com;nan;20180226
173.245.58.217;nan;nan;nan;nan;rir@cloudflare.com,abuse@cloudflare.com,noc@cloudflare.com;nan;20180226
173.245.59.156;nan;nan;nan;nan;rir@cloudflare.com,noc@cloudflare.com,abuse@cloudflare.com;nan;20180226
104.23.129.77;nan;nan;nan;nan;rir@cloudflare.com,noc@cloudflare.com,abuse@cloudflare.com;nan;20180226
104.23.130.77;nan;nan;nan;nan;rir@cloudflare.com,noc@cloudflare.com,abuse@cloudflare.com;nan;20180226
127.80.146.52;nan;nan;nan;nan;nan;nan;20180226
141.101.121.251;2012-08-10 05:03:42;nan;2012-08-10 05:50:05;nan;abuse@cloudflare.com;nan;20180226
141.101.121.252;2012-08-10 05:03:42;nan;2012-08-10 05:50:05;nan;abuse@cloudflare.com;nan;20180226
199.193.205.20;nan;nan;nan;nan;mark@intermedia.net,abuse@intermedia.net,support@intermedia.net;nan;20180226
64.78.52.21;nan;nan;nan;nan;mark@intermedia.net,abuse@intermedia.net,support@intermedia.net;nan;20180226
64.78.52.23;nan;nan;nan;nan;support@intermedia.net,mark@intermedia.net,abuse@intermedia.net;nan;20180226
104.23.130.78;nan;nan;nan;nan;noc@cloudflare.com,abuse@cloudflare.com,rir@cloudflare.com;nan;20180226
104.23.131.47;nan;nan;nan;nan;abuse@cloudflare.com,rir@cloudflare.com,noc@cloudflare.com;nan;20180226
141.101.112.86;2012-08-10 05:03:01;nan;2015-10-09 12:51:41;nan;abuse@cloudflare.com;nan;20180226
141.101.121.237;2012-08-10 05:03:42;nan;2012-08-10 05:50:05;nan;abuse@cloudflare.com;nan;20180226
190.93.250.7;nan;nan;nan;nan;nan;nan;20180226
198.41.184.253;nan;nan;nan;nan;abuse@cloudflare.com,rir@cloudflare.com,noc@cloudflare.com;nan;20180226
162.244.197.199;nan;nan;nan;nan;mark@intermedia.net,abuse@intermedia.net,support@intermedia.net;nan;20180226
199.193.200.97;nan;nan;nan;nan;abuse@intermedia.net,mark@intermedia.net,support@intermedia.net;nan;20180226
64.78.52.22;nan;nan;nan;nan;mark@intermedia.net,abuse@intermedia.net,support@intermedia.net;nan;20180226
162.243.233.121;nan;nan;nan;nan;noc@digitalocean.com,abuse@digitalocean.com;nan;20180226
45.55.222.213;nan;nan;nan;nan;noc@digitalocean.com,abuse@digitalocean.com;nan;20180226
104.31.14.174;nan;nan;nan;nan;rir@cloudflare.com,abuse@cloudflare.com,noc@cloudflare.com;nan;20180226
104.31.15.174;nan;nan;nan;nan;noc@cloudflare.com,abuse@cloudflare.com,rir@cloudflare.com;nan;20180226
104.28.2.61;nan;nan;nan;nan;abuse@cloudflare.com,noc@cloudflare.com,rir@cloudflare.com;nan;20180226
104.31.224.2;nan;nan;nan;nan;abuse@cloudflare.com,noc@cloudflare.com,rir@cloudflare.com;nan;20180226
108.162.192.93;nan;nan;nan;nan;abuse@cloudflare.com,noc@cloudflare.com,rir@cloudflare.com;nan;20180226
141.101.118.56;2012-08-10 05:03:01;nan;2015-10-09 12:51:41;nan;abuse@cloudflare.com;nan;20180226
162.252.9.210;nan;nan;nan;nan;nan;nan;20180226
173.245.60.31;nan;nan;nan;nan;rir@cloudflare.com,noc@cloudflare.com,abuse@cloudflare.com;nan;20180226
185.30.165.30;nan;nan;nan;nan;nan;nan;20180226
199.27.134.26;nan;nan;nan;nan;abuse@cloudflare.com,rir@cloudflare.com,noc@cloudflare.com;nan;20180226
199.27.134.97;nan;nan;nan;nan;abuse@cloudflare.com,rir@cloudflare.com,noc@cloudflare.com;nan;20180226
5.196.20.50;2014-08-15 12:25:19;nan;2017-01-11 08:00:11;nan;abuse@ovh.net;nan;20180226
104.31.6.158;nan;nan;nan;nan;rir@cloudflare.com,abuse@cloudflare.com,noc@cloudflare.com;nan;20180226
104.31.7.158;nan;nan;nan;nan;rir@cloudflare.com,noc@cloudflare.com,abuse@cloudflare.com;nan;20180226
54.152.241.16;nan;nan;nan;nan;amzn-noc-contact@amazon.com,abuse@amazonaws.com;nan;20180226
70.42.74.203;nan;nan;nan;nan;nan;nan;20180226
8.8.8.8;nan;nan;nan;nan;nan;nan;20180226
108.162.194.38;nan;nan;nan;nan;abuse@cloudflare.com,rir@cloudflare.com,noc@cloudflare.com;nan;20180226
108.162.194.63;nan;nan;nan;nan;rir@cloudflare.com,noc@cloudflare.com,abuse@cloudflare.com;nan;20180226
141.101.118.176;2012-08-10 05:03:01;nan;2015-10-09 12:51:41;nan;abuse@cloudflare.com;nan;20180226
141.101.118.190;2012-08-10 05:03:01;nan;2015-10-09 12:51:41;nan;abuse@cloudflare.com;nan;20180226
173.245.60.12;nan;nan;nan;nan;noc@cloudflare.com,abuse@cloudflare.com,rir@cloudflare.com;nan;20180226
173.245.60.145;nan;nan;nan;nan;rir@cloudflare.com,noc@cloudflare.com,abuse@cloudflare.com;nan;20180226
173.245.60.36;nan;nan;nan;nan;abuse@cloudflare.com,noc@cloudflare.com,rir@cloudflare.com;nan;20180226
198.41.200.65;nan;nan;nan;nan;rir@cloudflare.com,noc@cloudflare.com,abuse@cloudflare.com;nan;20180226
199.27.134.112;nan;nan;nan;nan;abuse@cloudflare.com,rir@cloudflare.com,noc@cloudflare.com;nan;20180226
199.27.134.77;nan;nan;nan;nan;noc@cloudflare.com,abuse@cloudflare.com,rir@cloudflare.com;nan;20180226
74.91.124.108;nan;nan;nan;nan;nan;nan;20180226
173.245.58.146;nan;nan;nan;nan;noc@cloudflare.com,abuse@cloudflare.com,rir@cloudflare.com;nan;20180226
173.245.59.134;nan;nan;nan;nan;abuse@cloudflare.com,rir@cloudflare.com,noc@cloudflare.com;nan;20180226
204.141.33.55;nan;nan;nan;nan;abuse@ntt.net,vipar@us.ntt.net,support@us.ntt.net;nan;20180226
216.52.72.121;nan;nan;nan;nan;nan;nan;20180226
104.31.14.154;nan;nan;nan;nan;rir@cloudflare.com,abuse@cloudflare.com,noc@cloudflare.com;nan;20180226
104.31.15.154;nan;nan;nan;nan;rir@cloudflare.com,abuse@cloudflare.com,noc@cloudflare.com;nan;20180226
104.27.199.87;nan;nan;nan;nan;abuse@cloudflare.com,rir@cloudflare.com,noc@cloudflare.com;nan;20180226
108.162.192.16;nan;nan;nan;nan;abuse@cloudflare.com,noc@cloudflare.com,rir@cloudflare.com;nan;20180226
141.101.118.130;2012-08-10 05:03:01;nan;2015-10-09 12:51:41;nan;abuse@cloudflare.com;nan;20180226
141.101.120.10;2012-08-10 05:03:42;nan;2012-08-10 05:50:05;nan;abuse@cloudflare.com;nan;20180226
141.101.121.199;2012-08-10 05:03:42;nan;2012-08-10 05:50:05;nan;abuse@cloudflare.com;nan;20180226
173.245.60.194;nan;nan;nan;nan;noc@cloudflare.com,abuse@cloudflare.com,rir@cloudflare.com;nan;20180226
173.245.60.220;nan;nan;nan;nan;noc@cloudflare.com,abuse@cloudflare.com,rir@cloudflare.com;nan;20180226
173.245.60.223;nan;nan;nan;nan;abuse@cloudflare.com,noc@cloudflare.com,rir@cloudflare.com;nan;20180226
173.245.60.63;nan;nan;nan;nan;abuse@cloudflare.com,rir@cloudflare.com,noc@cloudflare.com;nan;20180226
185.11.145.29;2014-06-29 20:54:46;nan;2015-03-19 09:51:52;nan;abuse@blazingfast.io;nan;20180226
185.11.145.4;2014-06-29 20:54:46;nan;2015-03-19 09:51:52;nan;abuse@blazingfast.io;nan;20180226
198.41.132.25;nan;nan;nan;nan;noc@cloudflare.com,abuse@cloudflare.com,rir@cloudflare.com;nan;20180226
198.41.177.152;nan;nan;nan;nan;rir@cloudflare.com,noc@cloudflare.com,abuse@cloudflare.com;nan;20180226
199.27.134.175;nan;nan;nan;nan;rir@cloudflare.com,noc@cloudflare.com,abuse@cloudflare.com;nan;20180226
199.27.134.182;nan;nan;nan;nan;rir@cloudflare.com,noc@cloudflare.com,abuse@cloudflare.com;nan;20180226
173.245.58.121;nan;nan;nan;nan;abuse@cloudflare.com,rir@cloudflare.com,noc@cloudflare.com;nan;20180226
173.245.59.100;nan;nan;nan;nan;rir@cloudflare.com,noc@cloudflare.com,abuse@cloudflare.com;nan;20180226
209.85.203.26;nan;nan;nan;nan;network-abuse@google.com,arin-contact@google.com;nan;20180226
64.233.190.27;nan;nan;nan;nan;arin-contact@google.com,network-abuse@google.com;nan;20180226
74.125.22.26;nan;nan;nan;nan;network-abuse@google.com,arin-contact@google.com;nan;20180226
104.24.106.171;nan;nan;nan;nan;abuse@cloudflare.com,rir@cloudflare.com,noc@cloudflare.com;nan;20180226
104.24.107.171;nan;nan;nan;nan;abuse@cloudflare.com,noc@cloudflare.com,rir@cloudflare.com;nan;20180226
104.27.170.40;nan;nan;nan;nan;rir@cloudflare.com,abuse@cloudflare.com,noc@cloudflare.com;nan;20180226
108.162.194.10;nan;nan;nan;nan;abuse@cloudflare.com,noc@cloudflare.com,rir@cloudflare.com;nan;20180226
178.251.228.228;nan;nan;nan;nan;nan;nan;20180226
173.245.58.143;nan;nan;nan;nan;rir@cloudflare.com,noc@cloudflare.com,abuse@cloudflare.com;nan;20180226
173.245.59.145;nan;nan;nan;nan;abuse@cloudflare.com,rir@cloudflare.com,noc@cloudflare.com;nan;20180226
104.18.42.35;nan;nan;nan;nan;rir@cloudflare.com,abuse@cloudflare.com,noc@cloudflare.com;nan;20180226
104.18.43.35;nan;nan;nan;nan;abuse@cloudflare.com,rir@cloudflare.com,noc@cloudflare.com;nan;20180226
104.28.8.126;nan;nan;nan;nan;abuse@cloudflare.com,rir@cloudflare.com,noc@cloudflare.com;nan;20180226
108.162.192.88;nan;nan;nan;nan;rir@cloudflare.com,noc@cloudflare.com,abuse@cloudflare.com;nan;20180226
199.27.134.27;nan;nan;nan;nan;rir@cloudflare.com,noc@cloudflare.com,abuse@cloudflare.com;nan;20180226
173.245.58.103;nan;nan;nan;nan;rir@cloudflare.com,noc@cloudflare.com,abuse@cloudflare.com;nan;20180226
173.245.59.119;nan;nan;nan;nan;abuse@cloudflare.com,rir@cloudflare.com,noc@cloudflare.com;nan;20180226
74.201.154.248;nan;nan;nan;nan;noc@internap.com,abuse@internap.com;nan;20180226
104.148.77.6;nan;nan;nan;nan;nan;nan;20180226
185.136.96.77;2016-01-28 15:51:55;nan;2016-02-05 02:35:38;nan;noc@cloudns.net;nan;20180226
185.136.97.77;2016-01-28 15:53:18;nan;2016-02-05 02:35:48;nan;noc@cloudns.net;nan;20180226
104.148.77.2;nan;nan;nan;nan;nan;nan;20180226
192.200.222.98;nan;nan;nan;nan;nan;nan;20180226
104.28.12.7;nan;nan;nan;nan;abuse@cloudflare.com,rir@cloudflare.com,noc@cloudflare.com;nan;20180226
104.28.13.7;nan;nan;nan;nan;rir@cloudflare.com,noc@cloudflare.com,abuse@cloudflare.com;nan;20180226
164.132.209.38;nan;nan;nan;nan;abuse@ripe.net,hostmaster@ripe.net;nan;20180226
108.162.194.72;nan;nan;nan;nan;abuse@cloudflare.com,noc@cloudflare.com,rir@cloudflare.com;nan;20180226
108.162.198.124;nan;nan;nan;nan;rir@cloudflare.com,noc@cloudflare.com,abuse@cloudflare.com;nan;20180226
199.27.134.111;nan;nan;nan;nan;noc@cloudflare.com,abuse@cloudflare.com,rir@cloudflare.com;nan;20180226
173.245.58.101;nan;nan;nan;nan;abuse@cloudflare.com,rir@cloudflare.com,noc@cloudflare.com;nan;20180226
173.245.59.139;nan;nan;nan;nan;noc@cloudflare.com,abuse@cloudflare.com,rir@cloudflare.com;nan;20180226
